author_name,post_id,title,body,post_date,keyword,comment_author_name,comment_id,comment_parent_id,comment_body,comment_score,comment_created_utc,comment_replies_count,comment_keyword,subreddit,state,cleaned_body,cleaned_comment_body,BERT_class,BERT_Compound,BERT_label
blissfulApples6,19adlg9,Nibelungenbrücke: Mehr Platz für Radler ab Herbst,,2024-01-19 07:31:50,ÖVP,kraut_und_ruabn,kir0xh5,t3_19adlg9,"Der Hajart scheint zur Abwechslung mal einer zu sein, der sein Ressort einigermaßen ernst nimmt, und nicht bloß als Sprungbrett für höhere Parteiweihen. Schade, daß er in der ÖVP daheim ist.",2,2024-01-20 15:42:49,0,ÖVP,Linz,Linz,,Hajart scheint Abwechslung mal Ressort einigermaen ernst nimmt blo Sprungbrett fr hhere Parteiweihen Schade VP daheim,NEGATIVE,0.6282088756561279,0.37179112434387207
blissfulApples6,1765z5v,"Meinungen zum ""Mehrzweckstreifen""?",Aus der Bezirksrundschau.,2023-10-12 12:37:10,ÖVP,smoothvibe,k4k5jfn,t1_k4jzegk,Der Verkehrsstadtrat ist ÖVPler. Sollte als Antwort reichen.,6,2023-10-12 13:31:48,1,ÖVP,Linz,Linz,Bezirksrundschau,Verkehrsstadtrat VPler Antwort reichen,NEUTRAL,0.9782952666282654,1.0217047333717346
jubilantOatmeal0,1bd1z0z,Linzer Aktivpass: FPÖ will Kürzungen für Migranten,,2024-03-12 16:47:27,FPÖ,MaleficentLynx,kujvic9,t3_1bd1z0z,"Also meine lieblings benefits sind Linz AG Vergünstigungen gwesn und viele Kultur Einrichtungen die teils nur 50% für den Eintritt verlangt haben.. ist doch schön, bietet Zugang für Ö Kultur und Familien zb aber naja. Ist ein paar Jahre her, finds aber als Idee super. FPÖ sollte mal vernünftige Integrationsideen liefern, anstatt gegen neue MitbürgerInnen zu arbeiten",9,2024-03-12 17:42:51,0,FPÖ,Linz,Linz,,lieblings benefits Linz AG Vergnstigungen gwesn viele Kultur Einrichtungen teils fr Eintritt verlangt schn bietet Zugang fr Kultur Familien zb naja paar Jahre her finds Idee super FP mal vernnftige Integrationsideen liefern anstatt neue MitbrgerInnen arbeiten,POSITIVE,0.5128178596496582,2.487182140350342
jubilantOatmeal0,1bd1z0z,Linzer Aktivpass: FPÖ will Kürzungen für Migranten,,2024-03-12 16:47:27,FPÖ,zoechi,kunv3qy,t3_1bd1z0z,"Besser FPÖler kürzen, das bringt mehr",8,2024-03-13 11:41:08,0,FPÖ,Linz,Linz,,Besser FPler krzen bringt mehr,NEGATIVE,0.6993163228034973,0.3006836771965027
jubilantOatmeal0,1bd1z0z,Linzer Aktivpass: FPÖ will Kürzungen für Migranten,,2024-03-12 16:47:27,FPÖ,Michael_Aut,kukqiiz,t3_1bd1z0z,"Das hätte die FPÖ wohl gern.

Den Leuten ihre Tickets wegnehmen, Kontrollen verstärken und zack hat man einen Haufen Migranten mit Straftaten (bzw. Ordnungswidrigkeiten) für die Stimmungsmache. Was für eine grausliche Partei.

Eigentlich gehört das Ticket in diesen Zeiten wesentlich verbilligt.Nur 30% Rabatt gegenüber dem übertragbaren Jahresticket ist eine Schande für eine sozialdemokratische Stadt.",10,2024-03-12 20:40:21,2,FPÖ,Linz,Linz,,htte FP wohl gern Leuten Tickets wegnehmen Kontrollen verstrken zack Haufen Migranten Straftaten bzw Ordnungswidrigkeiten fr Stimmungsmache fr grausliche Partei Eigentlich gehrt Ticket Zeiten wesentlich verbilligtNur Rabatt gegenber bertragbaren Jahresticket Schande fr sozialdemokratische Stadt,NEGATIVE,0.995698094367981,0.004301905632019043
jubilantOatmeal0,1bd1z0z,Linzer Aktivpass: FPÖ will Kürzungen für Migranten,,2024-03-12 16:47:27,FPÖ,Savings_Aioli_2981,kujr5qa,t3_1bd1z0z,"Am liebsten wär’s der FPÖ, wenn sie alle Migranten wo einpferchen könnten. Am besten natürlich an einem Ort, wo sonst niemand hinkommt - ist in Österreich halt schwierig, deshalb auch der Vorschlag mit der Remigration.",10,2024-03-12 17:19:05,2,FPÖ,Linz,Linz,,liebsten wrs FP Migranten einpferchen knnten besten natrlich Ort niemand hinkommt sterreich halt schwierig deshalb Vorschlag Remigration,NEGATIVE,0.6075462102890015,0.39245378971099854
jubilantOatmeal0,1bd1z0z,Linzer Aktivpass: FPÖ will Kürzungen für Migranten,,2024-03-12 16:47:27,FPÖ,Tobidas05,kuweqpd,t3_1bd1z0z,Was? Die FPÖ macht Migrantenfeindliche Politik? Hätt ich mir nicht gedacht...,1,2024-03-14 21:43:49,0,FPÖ,Linz,Linz,,FP macht Migrantenfeindliche Politik Htt gedacht,NEGATIVE,0.9344251155853271,0.06557488441467285
cautiousMackerel6,t5osrb,Wohnen Grüne Mitte,"Hi, gibts hier jemanden der in der Grünen Mitte wohnt und mir ein bisschen davon erzählen könnte?

Meine Freundin und ich haben vor dass wir in nächster Zeit nach Linz ziehen und hätt dort eine Wohnung besichtigt, deshalb wollte ich mich mal nach Erfahrungen erkundigen :)",2022-03-03 10:41:35,Grüne,El_Grobo,hz646pv,t3_t5osrb,"Ein grundsätzlich nettes neues Viertel. Die Wohnung die wir besichtigt haben war TOP. Auch Preis war super.

Wir wollten vor 2 Jahren auch dort hin. Wir haben uns eines Sommertags in die Grüne mitte gesetzt und das auf uns wirken lassen.... Und haben beschlossen, dass das zu viel Trubel ist. Kindergeschrei, Fussballspiele, laute Musik, sehr viel Leben auf kleinem Platz. Multikulti, was seinen Reiz haben kann, aber auch anstrengend ist auf dauer.


So hat es uns sehr gut gefallen! Nur wir haben was für ruhigere Zeiten gesucht.... ;)

Anbindung mit öffis is soweit ich mich erinnere  ausbaufähig.

Lenaupark: viele Einkaufsmöglichkeiten. Aber auch sehr diverses Publikum. 

Wenn ich mehr Stadtmensch wär, hätte ich die Wohnung dort genommen. Bin ich aber nicht!",2,2022-03-03 11:11:09,1,Grüne,Linz,Linz,Hi gibts jemanden Grnen Mitte wohnt bisschen davon erzhlen knnte Freundin nchster Zeit Linz ziehen htt Wohnung besichtigt deshalb mal Erfahrungen erkundigen,grundstzlich nettes neues Viertel Wohnung besichtigt TOP Preis super wollten Jahren Sommertags Grne mitte gesetzt wirken lassen beschlossen Trubel Kindergeschrei Fussballspiele laute Musik Leben kleinem Platz Multikulti Reiz anstrengend dauer gut gefallen fr ruhigere Zeiten gesucht Anbindung ffis is soweit erinnere ausbaufhig Lenaupark viele Einkaufsmglichkeiten diverses Publikum mehr Stadtmensch wr htte Wohnung genommen,POSITIVE,0.9734339714050293,2.0265660285949707
cautiousMackerel6,t5osrb,Wohnen Grüne Mitte,"Hi, gibts hier jemanden der in der Grünen Mitte wohnt und mir ein bisschen davon erzählen könnte?

Meine Freundin und ich haben vor dass wir in nächster Zeit nach Linz ziehen und hätt dort eine Wohnung besichtigt, deshalb wollte ich mich mal nach Erfahrungen erkundigen :)",2022-03-03 10:41:35,Grüne,Alchybigboy3733,hzp0275,t3_t5osrb,"Hallo ich kann auch meine 2cents dazu geben, da ich vor genau einem Jahr mit meiner Freundin in die Grüne Mitte gezogen bin (GWG) und bin eigentlich sehr zufrieden. Man hat eigentlich alles in der Nähe was man braucht (Supermärkte, Restaurants, Fitnessstudio, Apotheke) und auch wie der Name schon sagt ist es angenehm grün. Ich bin ein bisschen voreingenommen da wir davor in einer sehr kleinen Wiener Innenstadtwohung gewohnt haben und nun für das selbe Geld eine doppelt so große Wohnung mit großer Terrasse und Garagenplatz in einer guten Lage bekommen haben. Was man aber auf jeden Fall dazu sagen muss ist, dass es viele Kinder und viele Familien und viele Hundebesitzer gibt. Dh es gibt öfter mal ziemlichen Dreck, hauptsächlich Kinder bzw Teenies die einfach alles am Boden werden anstatt in Mülleimer zu werfen aber manchmal auch faule Hundebesitzer die den Hundekot nicht wegräumen.

Wenn man keine Kinder mag (dies soll keine Wertung sein) sollte man die Grüne Mitte wohl meiden.",1,2022-03-07 12:01:34,1,Grüne,Linz,Linz,Hi gibts jemanden Grnen Mitte wohnt bisschen davon erzhlen knnte Freundin nchster Zeit Linz ziehen htt Wohnung besichtigt deshalb mal Erfahrungen erkundigen,Hallo cents geben genau Jahr Freundin Grne Mitte gezogen GWG eigentlich zufrieden eigentlich Nhe braucht Supermrkte Restaurants Fitnessstudio Apotheke Name schon sagt angenehm grn bisschen voreingenommen davor kleinen Wiener Innenstadtwohung gewohnt fr selbe Geld doppelt groe Wohnung groer Terrasse Garagenplatz guten Lage bekommen Fall sagen viele Kinder viele Familien viele Hundebesitzer gibt Dh gibt fter mal ziemlichen Dreck hauptschlich Kinder bzw Teenies einfach Boden anstatt Mlleimer werfen manchmal faule Hundebesitzer Hundekot wegrumen Kinder mag Wertung Grne Mitte wohl meiden,POSITIVE,0.9968262910842896,2.0031737089157104
cautiousMackerel6,t5osrb,Wohnen Grüne Mitte,"Hi, gibts hier jemanden der in der Grünen Mitte wohnt und mir ein bisschen davon erzählen könnte?

Meine Freundin und ich haben vor dass wir in nächster Zeit nach Linz ziehen und hätt dort eine Wohnung besichtigt, deshalb wollte ich mich mal nach Erfahrungen erkundigen :)",2022-03-03 10:41:35,Grüne,iamkev,i0q3rsq,t3_t5osrb,"Haben auch zu zweit fast fünf Jahre in der Grünen Mitte gewohnt. Ich frag mich nach wie vor, wie man den Bau der LAWOG (Grestenbergerstraße 8) als Architektur-Büro planen kann, aber ja. :D 

Ansonsten zum Lärm/Auseinandersetzungen  etc.:   


* Lärm/Lautstärke: der Innenhof geht trotzdem eigentlich. Untertags is' ruhig und zwischen Nachmittag bis kurz vor 20 Uhr sowas is halt ein wenig lauter, aber das hat man glaub ich immer wenn ein größerer Spielplatz o.ä. in der Nähe ist
* Nachbarn: wir hatten seeehr schräge Nachbarn. Man darf nicht vergessen, dass hier trotzdem einige Menschen wohnen.
* Lage: trotzdem ideal, sind oft einfach zu Fuß in'd Stadt gegangen für Kaffee und Kuchen und auch vom fortgehen eigentlich immer heim
* Geschäfte etc.: ein Traum eigentlich, da is man wirklich verwöhnt

Muss auch dazusagen, dass ich im Süden von Linz aufgewachsen bin und deshalb schon ein paar Dinge gewöhnt war. Kann mir vorstellen, dass trotzdem wenn man nicht aufpasst die ganze Sache irgendwann mal kippt in ein paar Jahren. Aber das hast wahrscheinlich in allen größeren/neuen Vierteln mal.",1,2022-03-15 07:57:55,0,Grüne,Linz,Linz,Hi gibts jemanden Grnen Mitte wohnt bisschen davon erzhlen knnte Freundin nchster Zeit Linz ziehen htt Wohnung besichtigt deshalb mal Erfahrungen erkundigen,zweit fast fnf Jahre Grnen Mitte gewohnt frag Bau LAWOG Grestenbergerstrae ArchitekturBro planen ja D Ansonsten LrmAuseinandersetzungen etc LrmLautstrke Innenhof geht trotzdem eigentlich Untertags is ruhig Nachmittag kurz Uhr sowas is halt wenig lauter glaub immer grerer Spielplatz o Nhe Nachbarn seeehr schrge Nachbarn darf vergessen trotzdem Menschen wohnen Lage trotzdem ideal oft einfach Fu ind Stadt gegangen fr Kaffee Kuchen fortgehen eigentlich immer heim Geschfte etc Traum eigentlich is wirklich verwhnt dazusagen Sden Linz aufgewachsen deshalb schon paar Dinge gewhnt vorstellen trotzdem aufpasst ganze Sache irgendwann mal kippt paar Jahren hast wahrscheinlich grerenneuen Vierteln mal,NEGATIVE,0.5774871110916138,0.42251288890838623
cautiousMackerel6,t5osrb,Wohnen Grüne Mitte,"Hi, gibts hier jemanden der in der Grünen Mitte wohnt und mir ein bisschen davon erzählen könnte?

Meine Freundin und ich haben vor dass wir in nächster Zeit nach Linz ziehen und hätt dort eine Wohnung besichtigt, deshalb wollte ich mich mal nach Erfahrungen erkundigen :)",2022-03-03 10:41:35,Grüne,GrafChris,hz6rrnp,t1_hz6rcqi,"Genau, da sind wir seit der letzten Woche schon bei den meisten dabei! :) Aber danke für den Hinweis.

Uns hat der derzeitge Mieter der Grünen Mitte Wohnung halt gesteckt wie das abläuft bei den Genossenschaften, dass halt die die schon am längsten dabei sind eher den vorzug bekommen",2,2022-03-03 14:46:32,0,Grüne,Linz,Linz,Hi gibts jemanden Grnen Mitte wohnt bisschen davon erzhlen knnte Freundin nchster Zeit Linz ziehen htt Wohnung besichtigt deshalb mal Erfahrungen erkundigen,Genau seit letzten Woche schon meisten dabei danke fr Hinweis derzeitge Mieter Grnen Mitte Wohnung halt gesteckt abluft Genossenschaften halt schon lngsten dabei eher vorzug bekommen,POSITIVE,0.7017443180084229,2.298255681991577
needyDotterel3,1bumzcj,ORF beitrag? Was ist das,"Hallo leute ich brief erhalten von ORF das ich denen was zahlen muss. Ich weiß nur ORF eine Fernseher kanal ist?! Ich habe kein fernsehr zu hause Nur Monitor mit PC und eine Konsole (: .
Kann wer bitte erklären.
Thanks in Advance",2024-04-03 07:57:26,Neos,pampfelimetten,kxu0av0,t1_kxts7sa,Hallo Neos Wähler.,0,2024-04-03 10:32:09,1,Neos,Linz,Linz,Hallo leute brief erhalten ORF denen zahlen wei ORF Fernseher kanal fernsehr hause Monitor PC Konsole wer bitte erklren Thanks Advance,Hallo Neos Whler,NEUTRAL,0.9712035059928894,1.0287964940071106
