author_name,post_id,title,body,post_date,keyword,comment_author_name,comment_id,comment_parent_id,comment_body,comment_score,comment_created_utc,comment_replies_count,comment_keyword,subreddit,BERT_class,BERT_Compound,BERT_label,Positive_Prob,Neutral_Prob,Negative_Prob,Max_Prob_Class
Hiadlhazar,1b2v7xv,Salzburger Landtag - peinlicher wird die √ñVP nicht mehr,,2024-02-29 08:08:55,√ñVP,Cereal_poster,ksoglig,t3_1b2v7xv,Der Raiffeisen-Genossenschaft Seitenhieb war ein wunderbarer Tiefschlag gegen die Giebelkreuzler-√ñVP. :D,16,2024-02-29 11:06:11,0,√ñVP,Salzburg,NEUTRAL,0.5,1.5,"['positive', 3.5966470477433177e-06]","['negative', 6.261768248805311e-06]","['neutral', 0.9999901056289673]",neutral
Hiadlhazar,1b2v7xv,Salzburger Landtag - peinlicher wird die √ñVP nicht mehr,,2024-02-29 08:08:55,√ñVP,GNWP99,ksu24sv,t3_1b2v7xv,so lost die √∂vp ;),1,2024-03-01 10:49:21,0,√ñVP,Salzburg,NEUTRAL,0.5,1.5,"['positive', 0.005892970599234104]","['negative', 0.026144837960600853]","['neutral', 0.9679621458053589]",neutral
Hiadlhazar,1b2v7xv,Salzburger Landtag - peinlicher wird die √ñVP nicht mehr,,2024-02-29 08:08:55,√ñVP,RecordAway,kszsw9q,t1_kso473l,"Die Replik trifft den Nagel ja auch auf den Kopf. Das Wort ""Genossen"" ist auch zentral in der Geschichte der √ñVP, Beispiel Raika perfekt: am Land ist man in Genossenschaften strukturiert, und RB, Lagerhaus & Co, wie auch die Netzwerke der √ñVP sind diesen Strukturen entstanden

Die Taktik der m√∂glichst haltlosen k√ºnstlichen Emp√∂rung, um ein Diskussion zum gegenst√§ndlichen Thema zu verhindern, hat sich die √ñVP von der FP√ñ abgeschaut und auf die Spitze getrieben.

Und genau so muss man damit umgehen: nicht akzeptieren, dass das ein begr√ºndeter Einwand w√§re, und stur beim Thema bleiben.

Das Vers√§umnis sehe ich hier beim Vorsitzenden, der die Unterbrechung des Redners durch die schwarzen Schneefl√∂ckchen abmahnen sollte, anstatt das ""MIMIMI BELEIDIGUNG"" Kindertheater die Tagesordnung st√∂ren zu lassen.",1,2024-03-02 12:45:06,0,√ñVP,Salzburg,NEUTRAL,0.5,1.5,"['positive', 0.009647752158343792]","['negative', 0.024455631151795387]","['neutral', 0.9658966064453125]",neutral
Hiadlhazar,1b2v7xv,Salzburger Landtag - peinlicher wird die √ñVP nicht mehr,,2024-02-29 08:08:55,√ñVP,Mauli1991,ksoaodo,t1_kso79jn,"Die Frage ist ja eher: Durfte er dann auch inhaltlich was sagen oder hat sich die √ñVP so am Wort Genossin aufgh√§ngt, dass es ihnen wichtiger war als Politik zu betreiben, wof√ºr sie eigentlich von uns allen bezahlt werden?",15,2024-02-29 09:55:32,1,√ñVP,Salzburg,NEUTRAL,0.5,1.5,"['positive', 0.0032657163683325052]","['negative', 0.017650693655014038]","['neutral', 0.9790835976600647]",neutral
Hiadlhazar,1b2v7xv,Salzburger Landtag - peinlicher wird die √ñVP nicht mehr,,2024-02-29 08:08:55,√ñVP,Sea-Cockroach-2327,ksqkncu,t1_kspfc2q,"you missed the point, de facto hat er sie nicht als genossin bezeichnet, daher ist auch keine entschuldigung n√∂tig gewesen. du bist der korrupten √ñVP voll auf den Leim gegangen. Schau dir das Video an und h√∂re das gesagte.",3,2024-02-29 19:16:12,1,√ñVP,Salzburg,NEUTRAL,0.5,1.5,"['positive', 0.0010702809086069465]","['negative', 0.004767728503793478]","['neutral', 0.9941620230674744]",neutral
zerenato76,123rd44,Plakate der SP√ñ,"Kann mir die Dinger jemand erkl√§ren? ""Salzburg kommt mit den √ñffis √ºberall hin?"" Salzburg kann mehr als Stress und √úberstunden"" ""Salzburg m√ºssen sich alle leisten k√∂nnen"". 
Ich versteh's nicht. Was will man dem potentiellen W√§hler sagen? Oder vereinfacht: wos hast des bitte?

Au√üerdem w√ºrde mich interessieren, wer die Agentur ist, die das f√ºr die SP√ñ ""geschaffen"" hat. Wei√ü das jemand von euch?",2023-03-27 16:00:24,SP√ñ,nevermind_04,jdw5rhr,t3_123rd44,"Ich habe gelesen dass sie ganz auf eine Agentur verzichtet haben. ich finde die plakate aber gut. besser als das ‚Äûgemeinsam‚Äú der √∂vp. sagen halt wie die sp√∂ salzburg gerne h√§tte. au√üerdem gibt es jetzt seit paar tagen neue plakate in rot mit sehr detaillierten forderungen, f√ºr plakatverh√§ltnisse",1,2023-03-27 17:11:55,2,SP√ñ,Salzburg,POSITIVE,1.0,2.0,"['positive', 0.9562100768089294]","['negative', 0.037647929042577744]","['neutral', 0.006142046768218279]",positive
zerenato76,123rd44,Plakate der SP√ñ,"Kann mir die Dinger jemand erkl√§ren? ""Salzburg kommt mit den √ñffis √ºberall hin?"" Salzburg kann mehr als Stress und √úberstunden"" ""Salzburg m√ºssen sich alle leisten k√∂nnen"". 
Ich versteh's nicht. Was will man dem potentiellen W√§hler sagen? Oder vereinfacht: wos hast des bitte?

Au√üerdem w√ºrde mich interessieren, wer die Agentur ist, die das f√ºr die SP√ñ ""geschaffen"" hat. Wei√ü das jemand von euch?",2023-03-27 16:00:24,SP√ñ,zerenato76,je0c8zm,t1_je00vt1,"Frage 2 hier: ich verstehe das Plakat an der Autobahnauffahrt Golling ""Salzburg kommt mit den √ñffis √ºberall hin"" nicht. Was wolltet mir die SP√ñ damit sagen?
Hintergrund: meiner meinung nach trifft das nicht zu.

Btw, das ist nicht b√∂se gemeint, sondern tats√§chlich interesse und Credit to you, dass du dich bereit erkl√§rst, zu antworten.",2,2023-03-28 14:35:22,1,SP√ñ,Salzburg,NEUTRAL,0.5,1.5,"['positive', 0.03608604893088341]","['negative', 0.38293036818504333]","['neutral', 0.580983579158783]",neutral
zerenato76,123rd44,Plakate der SP√ñ,"Kann mir die Dinger jemand erkl√§ren? ""Salzburg kommt mit den √ñffis √ºberall hin?"" Salzburg kann mehr als Stress und √úberstunden"" ""Salzburg m√ºssen sich alle leisten k√∂nnen"". 
Ich versteh's nicht. Was will man dem potentiellen W√§hler sagen? Oder vereinfacht: wos hast des bitte?

Au√üerdem w√ºrde mich interessieren, wer die Agentur ist, die das f√ºr die SP√ñ ""geschaffen"" hat. Wei√ü das jemand von euch?",2023-03-27 16:00:24,SP√ñ,meinbungalow,je0y7j6,t1_jdwgxsv,[Programm der Salzburger SP√ñ zur Landtagswahl 2023](https://www.salzburgkannmehr.at),3,2023-03-28 16:56:38,0,SP√ñ,Salzburg,NEUTRAL,0.5,1.5,"['positive', 1.269152471650159e-05]","['negative', 2.5407229259144515e-05]","['neutral', 0.9999618530273438]",neutral
zerenato76,123rd44,Plakate der SP√ñ,"Kann mir die Dinger jemand erkl√§ren? ""Salzburg kommt mit den √ñffis √ºberall hin?"" Salzburg kann mehr als Stress und √úberstunden"" ""Salzburg m√ºssen sich alle leisten k√∂nnen"". 
Ich versteh's nicht. Was will man dem potentiellen W√§hler sagen? Oder vereinfacht: wos hast des bitte?

Au√üerdem w√ºrde mich interessieren, wer die Agentur ist, die das f√ºr die SP√ñ ""geschaffen"" hat. Wei√ü das jemand von euch?",2023-03-27 16:00:24,SP√ñ,calor209,je3zhyq,t1_je1fy85,leistbares wohnen und soziale sicherheit kann kein schwein mehr h√∂ren... alles klar bei sp√∂?,1,2023-03-29 06:37:01,1,SP√ñ,Salzburg,NEUTRAL,0.5,1.5,"['positive', 0.02625364623963833]","['negative', 0.12656685709953308]","['neutral', 0.8471795320510864]",neutral
FriedChickenAT,17chunk,S-Link,"Ein Beispiel wie schnell Politiker ihre Meinung √§ndern, gratuliere SP√ñ",2023-10-20 18:21:48,SP√ñ,inn4tler,k5raa5j,t3_17chunk,"Ja, Auinger und die SP√ñ drehen sich in dieser Frage wie das F√§hnchen im Wind. In den 90ern hat man daf√ºr gesorgt, dass die Lokalbahn unter dem S√ºdtiroler Platz endet, damit man sie zu einem sp√§teren Zeitpunkt weiterbauen kann. Dann wurde Schaden B√ºrgermeister und er war bis zum Schluss dagegen. Dann ist ihm Auinger nachgefolgt und er war daf√ºr. Und nicht einmal ein Jahr sp√§ter, zur Landtagswahl, hat er pl√∂tzlich in sehr deutlichen Worten plakatiert, dass das Projekt unsere Zukunft gef√§hrdet. Also was denn jetzt? Es dr√§ngt sich der Verdacht auf, dass man im Moment nur deshalb dagegen ist, weil alle anderen Parteien daf√ºr sind. Sch√∂n politisches Kleingeld aus einer ""dagegen-Position"" schlagen. Etwas was wir sonst eher von der FP√ñ kennen.

Ich war dem Projekt auch kritisch eingestellt, aber nach allem was man jetzt wei√ü, w√§re es dumm, es nicht umzusetzen. Der Bund stellt die H√§lfte zweckgebunden bereit und f√ºr das Land sind die Kosten zwar hoch, aber auch nicht √ºberbordend. Zudem wurde mittlerweile auch eine Studie ver√∂ffentlicht, die deutlich positive Effekte prognostiziert. Seit weit √ºber 50 Jahren wird in Salzburg √ºber Verkehrsl√∂sungen diskutiert. Irgendwann muss man endlich aufh√∂ren zu diskutieren und auch was tun. Die SP√ñ √ºbernimmt in Salzburg die Position, die die √ñVP oft in anderen St√§dten einnimmt. Die Position des Bremsers.",13,2023-10-20 23:09:15,1,SP√ñ,Salzburg,NEUTRAL,0.5,1.5,"['positive', 0.0036526815965771675]","['negative', 0.022018317133188248]","['neutral', 0.9743289947509766]",neutral
ThoErb,125gvyp,Jetzt wird das Wohnen f√ºr viele Mieter nochmal teurer.,"Vermieter k√∂nnen die Miete an die Inflation des letzten Jahres anpassen, weil die Regierung keinen Mietpreisdeckel eingef√ºhrt hat.
Dieser w√ºrde dem Staat/Steuerzahler nicht mal etwas kosten, weil lediglich zwischen Vermietern und Mietern umverteilt werden w√ºrde. 

So etwas h√§tte es mit der SP√ñ in der Regierung nicht gegeben.",2023-03-29 07:59:11,SP√ñ,Hiadlhazar,jf2agxn,t3_125gvyp,"In Wien, wo die SP√ñ regiert, haben sie bei **500.000** Wohnungen die Mieten erh√∂ht, obwohl sie es aussetzen h√§tten k√∂nnen. galigr√º",1,2023-04-05 15:39:08,0,SP√ñ,Salzburg,NEUTRAL,0.5,1.5,"['positive', 9.365320147480816e-05]","['negative', 0.00024075871624518186]","['neutral', 0.9996656179428101]",neutral
Hiadlhazar,11ujlzx,Umfragen zur Landtagswahl 2023 - Gr√∂√üte √úberraschung: KP√ñ,,2023-03-18 09:41:54,SP√ñ,HausmastaMC,jcompzf,t3_11ujlzx,"Dankl FTW!  Der hackelt mit seinem Team wie irre und macht Sozialpolitik vom Feinsten und voller √úberzeugung! 

Ich w√ºnscht, so einen h√§tt die SP√ñ auch.

Da die Salzburger*innen aber immer noch so teppat sind und die VP w√§hlen ist ihnen eh nicht zu helfen. Zahlens halt weiter horrende Mieten und vertreiben jegliche Jugend- und Subkultur an den Rand der Gesellschaft. 

Heisln ü§¶üèª‚Äç‚ôÇÔ∏è",11,2023-03-18 11:16:22,0,SP√ñ,Salzburg,NEUTRAL,0.5,1.5,"['positive', 0.15386351943016052]","['negative', 0.3327466547489166]","['neutral', 0.5133898258209229]",neutral
Hiadlhazar,11ujlzx,Umfragen zur Landtagswahl 2023 - Gr√∂√üte √úberraschung: KP√ñ,,2023-03-18 09:41:54,SP√ñ,SchroedingerM,jcpz54w,t3_11ujlzx,Wer ist die SP√ñ? Is des a neuche Partei. Von dena hob I no nia gh√∂rt.,1,2023-03-18 17:38:37,0,SP√ñ,Salzburg,NEUTRAL,0.5,1.5,"['positive', 0.019018402323126793]","['negative', 0.07721473276615143]","['neutral', 0.9037668704986572]",neutral
HausmastaMC,12d98v7,Die FP√ñ Salzburg gendert,Gesehen in Anif,2023-04-06 04:40:31,FP√ñ,deohvii,jfdn0ma,t1_jf6w4oe,FP√ñ = Super Ultra Nazi,1,2023-04-07 22:55:47,0,FP√ñ,Salzburg,POSITIVE,1.0,2.0,"['positive', 0.9821473360061646]","['negative', 0.017704617232084274]","['neutral', 0.00014796204050071537]",positive
HausmastaMC,12d98v7,Die FP√ñ Salzburg gendert,Gesehen in Anif,2023-04-06 04:40:31,FP√ñ,Deathcounter0,jf8zmbl,t1_jf5oo0k,"Und die FP√ñ wird dem ein Ende setzen? Du glaubst nicht allen ernstes die FP√ñ w√ºrden ihren Hauptwahlgrund l√∂sen wollen oder?

Z√§hl mal auf wieviele R√ºckf√ºhrungsabkommen abgeschlossen wurden unter Kurz Strache, und wieviele Gespr√§che es mit den Herkunftsl√§ndern gab.

Aber f√ºr euch 'hellen' Blauw√§hler reichts jo schon wenn der Heribert Asylzentren in ""Ausreisezentren"" umbenennt. Diese populistische ""L√∂sung"" wird sicherlich helfen.... mehr Stimmen von minderbehirnten zu gewinnen.",1,2023-04-06 23:08:08,1,FP√ñ,Salzburg,NEUTRAL,0.5,1.5,"['positive', 0.00602350290864706]","['negative', 0.023633452132344246]","['neutral', 0.9703430533409119]",neutral
HausmastaMC,12d98v7,Die FP√ñ Salzburg gendert,Gesehen in Anif,2023-04-06 04:40:31,FP√ñ,Kernspalter69,jfba8zq,t1_jf971mi,"Dann hat ja die FP√ñ noch mal Gl√ºck gehabt, wenn nur jeder gute Witz einen Funken Wahrheit hat.",0,2023-04-07 13:08:21,0,FP√ñ,Salzburg,NEUTRAL,0.5,1.5,"['positive', 0.006276023108512163]","['negative', 0.07392404973506927]","['neutral', 0.9197998642921448]",neutral
HausmastaMC,12d98v7,Die FP√ñ Salzburg gendert,Gesehen in Anif,2023-04-06 04:40:31,FP√ñ,HausmastaMC,jf5wl1x,t1_jf5opxk,"und was willst uns damit jetzt sagen?

dass die Salzburger FP√ñ jetzt das international geltende Asylrecht √§ndern wird?

dass die FP√ñ alle Probleme und Gr√ºnde zur Flucht, die Menschen weltweit haben, l√∂sen wird?

oder dass du einfach ein ungebildeter Rassist bist, der sich von solchen belanglosen Zahlen manipulieren l√§sst? 

Was ist die Aussage hinter deinen Posts?",5,2023-04-06 09:01:51,1,FP√ñ,Salzburg,NEUTRAL,0.5,1.5,"['positive', 0.006335471756756306]","['negative', 0.04141407087445259]","['neutral', 0.9522504806518555]",neutral
HausmastaMC,12d98v7,Die FP√ñ Salzburg gendert,Gesehen in Anif,2023-04-06 04:40:31,FP√ñ,SchoolSuccessful5883,jfay3s0,t1_jfamlq9,"Bitte um Belege dass die FP√ñ Putin so nahe ist, n√§her als etwa Christian Kern von der SP√ñ der bei der russischen Staatsbahn t√§tig war",1,2023-04-07 11:10:06,1,FP√ñ,Salzburg,NEUTRAL,0.5,1.5,"['positive', 0.003528533736243844]","['negative', 0.022152414545416832]","['neutral', 0.9743189811706543]",neutral
HausmastaMC,12d98v7,Die FP√ñ Salzburg gendert,Gesehen in Anif,2023-04-06 04:40:31,FP√ñ,SchoolSuccessful5883,jfb0p8m,t1_jfamlq9,"es wurde unter anderem die Mindestsicherung an den Willen, Deutsch zu lernen, gekoppelt. Offenbar hat das sehr effektiv geholfen und zu einer starken Reduktion der Asylzahlen gef√ºhrt. Zuf√§lle gibt es in der Hinsicht nicht

Hast du Belege daf√ºr, dass FP√ñ Putin lutscht, mehr als die SP√ñ, wo Christian Kern sogar wirtschaftlich eng verbunden war?",1,2023-04-07 11:39:07,0,FP√ñ,Salzburg,NEUTRAL,0.5,1.5,"['positive', 0.000327621673932299]","['negative', 0.0006750563043169677]","['neutral', 0.9989972710609436]",neutral
HausmastaMC,12d98v7,Die FP√ñ Salzburg gendert,Gesehen in Anif,2023-04-06 04:40:31,FP√ñ,Deathcounter0,jfazxul,t1_jfay3s0,"[Schattengeheimdienst-Pl√§ne: Kneissl involviert](https://www.krone.at/2803346)

&#x200B;

[Salvini Moskauer Audio](https://www.buzzfeednews.com/article/albertonardelli/salvini-russia-oil-deal-secret-recording), das video im Buzzfeed Artikel unten wennst nicht alles durchlesen willst

Literally das Ibiza Video (Eine Russische Oligarching soll eine Strabag √§hnliche Firma gr√ºnden und erh√§lt dann von Kurz-Strache Staatsauftr√§ge)

Kooperationsvereinbarung zwischen FP√ñ und Putins Partei

[G√ºssinger Mineralwasser und Gudenus](https://burgenland.orf.at/stories/3026974/)

[Gehackte Mails](https://www.derstandard.at/story/2000143221011/berichtfpoe-koennte-fuer-pro-russischen-nationalratsantrag-geld-erhalten-haben)

&#x200B;

Und die vielen FP√ñ reisen nach Russland bzw. sie ist die einzige Partei, die nicht zur Ukraine h√§lt und auf unsere Neutralit√§t verweist, [Was aber nichts damit zu tun hat](https://www.derstandard.at/story/2000143221011/berichtfpoe-koennte-fuer-pro-russischen-nationalratsantrag-geld-erhalten-haben)",2,2023-04-07 11:30:56,1,FP√ñ,Salzburg,NEUTRAL,0.5,1.5,"['positive', 0.001060096430592239]","['negative', 0.0033031792845577]","['neutral', 0.9956367611885071]",neutral
HausmastaMC,12d98v7,Die FP√ñ Salzburg gendert,Gesehen in Anif,2023-04-06 04:40:31,FP√ñ,SchoolSuccessful5883,jfb093g,t1_jfazxul,"Aha, ich sagte was vergleichbares zu Kern. Also hast du nichts? Wie oft ist Kern nach Russland gereist? Er war OFFIZIELL bei der russischen Staatsbahn angestellt und wird aktuell als Kanzlerkandidat gehandelt  Was ist beim Ibiza Video eig bei rausgekommen? Nichts? Aja.

Aber gut, dass du den Erfolg der FP√ñ bei der Reduktion der Asylwerber zahlen anerkennst, f√ºr die meisten √ñsterreicher sind 355.000 Asylwerber seit 2015 einfach zu viel, deswegen FP√ñ",1,2023-04-07 11:34:21,1,FP√ñ,Salzburg,NEUTRAL,0.5,1.5,"['positive', 0.003708715084940195]","['negative', 0.03731941804289818]","['neutral', 0.9589718580245972]",neutral
HausmastaMC,12d98v7,Die FP√ñ Salzburg gendert,Gesehen in Anif,2023-04-06 04:40:31,FP√ñ,Deathcounter0,jfb41zm,t1_jfb23o7,"Ich glaub dir kein Wort, du hast noch keine einzige Quelle irgendwo verlinkt. Lass mich raten, FP√ñ TV, unzensuriert und exxpress sind deine Quelle xD

Die Asylzahlen sind gesunken weil der Migrationsstrom abnahm, das hat nichts mit irgendwelchen Gesetzen oder Beschl√ºssen der FP√ñ zu tun",2,2023-04-07 12:12:59,2,FP√ñ,Salzburg,NEUTRAL,0.5,1.5,"['positive', 0.006312415935099125]","['negative', 0.07110638171434402]","['neutral', 0.922581136226654]",neutral
HausmastaMC,12d98v7,Die FP√ñ Salzburg gendert,Gesehen in Anif,2023-04-06 04:40:31,FP√ñ,SchoolSuccessful5883,jfcc7my,t1_jfbgslx,"https://de.statista.com/statistik/daten/studie/293189/umfrage/asylantraege-in-oesterreich/

https://de.statista.com/statistik/daten/studie/76095/umfrage/asylantraege-insgesamt-in-deutschland-seit-1995/

hier sieht man ziemlich eindeutig, dass wir 2018 und 2019 bei der Regierungsbeteiligung der FP√ñ unter dem Vorkrisenniveau von 2013 waren (2013 hatten wir 17.503 und 2018 13.746 Asylwerber). 

in DE waren es 2018 185.853 und 2013 127.023 Asylwerber, also weitaus h√∂her als 2013. In Prozent ausgedr√ºckt waren es in DE 2018 um 46% mehr als in 2013. In AT waren es 2018 - 21,5% weniger als 2013 und -51% weniger als 2014",1,2023-04-07 17:29:48,1,FP√ñ,Salzburg,NEUTRAL,0.5,1.5,"['positive', 0.0008906583534553647]","['negative', 0.0025419772136956453]","['neutral', 0.9965673685073853]",neutral
HausmastaMC,12d98v7,Die FP√ñ Salzburg gendert,Gesehen in Anif,2023-04-06 04:40:31,FP√ñ,SchoolSuccessful5883,jfckjb7,t1_jfcjs4r,"Hast du eig auch konkrete Belege f√ºr deine Annahmen oder ""glaubst"" du nur? Die FP√ñ hat ihre Wahlversprechen eingehalten und die Asylzahlen stark runtergebracht",1,2023-04-07 18:25:06,0,FP√ñ,Salzburg,NEUTRAL,0.5,1.5,"['positive', 0.006584314163774252]","['negative', 0.03772858530282974]","['neutral', 0.9556870460510254]",neutral
Background-Tough-846,126xcpv,Habt ihr euch schon die Wahlvideos angesehen? Das von der FP√ñ finde ich heftig arg!,,2023-03-30 19:51:06,FP√ñ,pahu92,jedvkv1,t1_jedqbzd,"DIE FP√ñ SO: Ja das sind dann ca. 30 Millionen pro Jahr, alleine in Salzburg!",6,2023-03-31 08:54:00,1,FP√ñ,Salzburg,NEUTRAL,0.5,1.5,"['positive', 0.00314470031298697]","['negative', 0.015617389231920242]","['neutral', 0.9812379479408264]",neutral
Background-Tough-846,126xcpv,Habt ihr euch schon die Wahlvideos angesehen? Das von der FP√ñ finde ich heftig arg!,,2023-03-30 19:51:06,FP√ñ,Infinite-Original318,jeg9zcw,t1_jee9bag,Die FP√ñ ist anscheindend besonders unter 35-j√§hrigen beliebt...,2,2023-03-31 20:12:27,1,FP√ñ,Salzburg,NEUTRAL,0.5,1.5,"['positive', 6.322480658127461e-06]","['negative', 1.3338067219592631e-05]","['neutral', 0.9999803304672241]",neutral
Substantial-Arm6695,1ahaf53,Was sagt ihr zum neuen Asylheim in Gnigl?,"Hallo Reddit Gemeinde, grad mit dem Vorfall im Lehner Park vorgestern wei√ü ich nicht ob Salzburg noch 200 Migranten mit Fluchterfahrung vertr√§gt, ich bin ehrlich gesagt schon solidarisch mit den Anwohnern in Gnigl und versteh dass die Sorge vorherrscht dass sich ihr soziales Umfeld rapide √§ndert. Ebenfalls l√§ssig dass das grad kurz nach Regierungsbeteiligung mit der FP√ñ kommt. ",2024-02-02 18:22:44,FP√ñ,g2benji,kr47cqp,t1_kr4729s,"Hab ich eher f√ºr dich erw√§hnt, als f√ºr mich, dieses ‚ÄûGott beh√ºte‚Äú. Bin kein Fundamentalist, wenn es einen aktiven Gott geben w√ºrde, dann w√ºrden Leute wie du mit ein paar Klapsern am Po aufwachen. 

Du wohnst genauso in einem Sozialstaat wie ich, und wer gleich re-Migration schreit und damit auf die Unterste Schicht losgeht ist nicht gerade sozial. Wahlprogramm FP√ñ?",0,2024-02-19 09:32:48,1,FP√ñ,Salzburg,NEUTRAL,0.5,1.5,"['positive', 0.014415942132472992]","['negative', 0.09689374268054962]","['neutral', 0.8886902928352356]",neutral
nevermind_04,12buih9,Eine neue Umfrage zur Salzburg-Wahl prognostiziert ein Kopf-an-Kopf-Rennen um Platz 2,https://www.meinbezirk.at/salzburg/c-politik/ab-platz-zwei-ist-noch-vieles-moeglich_a5956609,2023-04-04 19:56:47,FP√ñ,mardicao007,jf3oqw8,t1_jeywho4,Sogar ich als Immigrant w√ºrde FP√ñ w√§hlen üòé,0,2023-04-05 20:54:42,2,FP√ñ,Salzburg,NEUTRAL,0.5,1.5,"['positive', 0.0034631770104169846]","['negative', 0.010970968753099442]","['neutral', 0.9855658411979675]",neutral
AMB_YungBae,1bcwiq3,Wof√ºr ist das ?,"Ich bin aus Wien , und mir ist aufgefallen das die Elektrobusse in Salzburg dieses gr√ºne Licht haben. Hat das eine Bedeutung oder hatten sie einfach keine normalen Neonr√∂hren mehr ! Lg und danke ",2024-03-12 12:52:22,Gr√ºne,inn4tler,kuilta1,t3_1bcwiq3,"Ich wohne in Salzburg und habe mich das auch schon oft gefragt. Soweit ich das gesehen habe, sind die gr√ºnen R√∂hren nur ganz vorne. Daher ist meine Vermutung, dass es f√ºr die Fahrer in der Nacht angenehmer ist, weil die Windschutzscheibe dann innen nicht so stark spiegelt. Wie gesagt, nur eine Theorie von mir.",24,2024-03-12 13:15:40,2,Gr√ºne,Salzburg,NEUTRAL,0.5,1.5,"['positive', 0.022301917895674706]","['negative', 0.08031506091356277]","['neutral', 0.8973830342292786]",neutral
AMB_YungBae,1bcwiq3,Wof√ºr ist das ?,"Ich bin aus Wien , und mir ist aufgefallen das die Elektrobusse in Salzburg dieses gr√ºne Licht haben. Hat das eine Bedeutung oder hatten sie einfach keine normalen Neonr√∂hren mehr ! Lg und danke ",2024-03-12 12:52:22,Gr√ºne,noyxid,kuijvry,t3_1bcwiq3,Nachtmodus - Gr√ºnes Licht ist in der Nacht angenehmer f√ºr die Augen.,18,2024-03-12 13:01:49,3,Gr√ºne,Salzburg,NEUTRAL,0.5,1.5,"['positive', 0.07423070818185806]","['negative', 0.18381553888320923]","['neutral', 0.7419537901878357]",neutral
AMB_YungBae,1bcwiq3,Wof√ºr ist das ?,"Ich bin aus Wien , und mir ist aufgefallen das die Elektrobusse in Salzburg dieses gr√ºne Licht haben. Hat das eine Bedeutung oder hatten sie einfach keine normalen Neonr√∂hren mehr ! Lg und danke ",2024-03-12 12:52:22,Gr√ºne,Frankst4r,kuim06f,t3_1bcwiq3,Das ist gr√ºnes Licht....was es macht?....es leuchtet gr√ºn,23,2024-03-12 13:17:00,3,Gr√ºne,Salzburg,NEUTRAL,0.5,1.5,"['positive', 0.055091217160224915]","['negative', 0.3635620176792145]","['neutral', 0.5813467502593994]",neutral
AMB_YungBae,1bcwiq3,Wof√ºr ist das ?,"Ich bin aus Wien , und mir ist aufgefallen das die Elektrobusse in Salzburg dieses gr√ºne Licht haben. Hat das eine Bedeutung oder hatten sie einfach keine normalen Neonr√∂hren mehr ! Lg und danke ",2024-03-12 12:52:22,Gr√ºne,Obi_Sbg,kuiz6ls,t3_1bcwiq3,"Das Gr√ºne Licht vorne im Obus ist dazu da das der Fahrer nicht geblendet wird vom Kabienenlicht, trotzdem aber die G√§ste im vorderen teil was sehen.",1,2024-03-12 14:41:10,0,Gr√ºne,Salzburg,NEUTRAL,0.5,1.5,"['positive', 0.0018498050048947334]","['negative', 0.006152758840471506]","['neutral', 0.9919974207878113]",neutral
AMB_YungBae,1bcwiq3,Wof√ºr ist das ?,"Ich bin aus Wien , und mir ist aufgefallen das die Elektrobusse in Salzburg dieses gr√ºne Licht haben. Hat das eine Bedeutung oder hatten sie einfach keine normalen Neonr√∂hren mehr ! Lg und danke ",2024-03-12 12:52:22,Gr√ºne,Character-Garden1678,kujd3lu,t3_1bcwiq3,Das ist gr√ºnes Licht.... Was es macht? Es leuchtet gr√ºn Credit to rambo,1,2024-03-12 16:01:24,0,Gr√ºne,Salzburg,NEUTRAL,0.5,1.5,"['positive', 0.03606761246919632]","['negative', 0.16300749778747559]","['neutral', 0.8009248971939087]",neutral
AMB_YungBae,1bcwiq3,Wof√ºr ist das ?,"Ich bin aus Wien , und mir ist aufgefallen das die Elektrobusse in Salzburg dieses gr√ºne Licht haben. Hat das eine Bedeutung oder hatten sie einfach keine normalen Neonr√∂hren mehr ! Lg und danke ",2024-03-12 12:52:22,Gr√ºne,Ok-Run2072,kujtoei,t3_1bcwiq3,Damit man sieht das es mit gr√ºnen Strom betrieben wird,1,2024-03-12 17:32:52,0,Gr√ºne,Salzburg,NEUTRAL,0.5,1.5,"['positive', 0.00038526460411958396]","['negative', 0.001113150268793106]","['neutral', 0.9985016584396362]",neutral
Gold_Abalone796,11zisww,Windr√§der...,,2023-03-23 12:27:08,Gr√ºne,natriusaut,jdeb6qe,t1_jdd8pbe,"Tjo, dann stellt sich aber schon die Frage, warum die Gr√ºnen jetzt gerade auf Plakaten Windr√§der fordern...",1,2023-03-23 19:51:08,1,Gr√ºne,Salzburg,NEUTRAL,0.5,1.5,"['positive', 0.000319942191708833]","['negative', 0.0008859805529937148]","['neutral', 0.9987940788269043]",neutral
Gold_Abalone796,11zisww,Windr√§der...,,2023-03-23 12:27:08,Gr√ºne,Emergency_Sweet,je0ctsk,t1_jdew8r8,Also ich find die Ideen von der SP√ñ bzgl Energiewende echt gut! Die haben tats√§chlich f√ºr die Probleme der Gr√ºnen in der Regierung L√∂sungen.,1,2023-03-28 14:39:15,0,Gr√ºne,Salzburg,POSITIVE,1.0,2.0,"['positive', 0.7109230756759644]","['negative', 0.2655717432498932]","['neutral', 0.02350517176091671]",positive
Hiadlhazar,11ujlzx,Umfragen zur Landtagswahl 2023 - Gr√∂√üte √úberraschung: KP√ñ,,2023-03-18 09:41:54,Gr√ºne,KriminelleForelle88,jcokf1g,t1_jcoj8uu,"Die Gr√ºnen sind weg. Das ist super. Alles andere w√ºrde ich aber auf die gleiche Stufe stellen. Erstaunlich finde ich es allerdings, dass der Trend zum Rechten wandert.
Vielleicht denken die anderen Parteien mal nach, wieso sich soviele den Nationalsozialismus inkl. Aller damit verbundenen Ausw√ºchse zur√ºckw√ºnschen..",-4,2023-03-18 10:46:40,1,Gr√ºne,Salzburg,POSITIVE,1.0,2.0,"['positive', 0.9687488079071045]","['negative', 0.03023127093911171]","['neutral', 0.001019900431856513]",positive
